Description,Duration (hrs),Start
Piling,1,01/05/2023
Piling,1,07/05/2023
Piling,1,08/05/2023
Piling,1,12/05/2023
Piling,1,13/05/2023
Piling,1,17/05/2023
Piling,1,18/05/2023
Piling,1,19/05/2023
Piling,1,21/05/2023
Piling,1,25/05/2023
Piling,1,28/05/2023
Piling,1,03/06/2023
Piling,1,08/06/2023
Piling,1,11/06/2023
Piling,1,12/06/2023
Piling,1,13/06/2023
Piling,1,16/06/2023
Piling,1,21/06/2023
Piling,1,23/06/2023
Piling,1,27/06/2023
Piling,1,29/06/2023
Piling,1,30/06/2023
Piling,1,02/07/2023
Piling,1,03/07/2023
Piling,1,05/07/2023
Piling,1,06/07/2023
Piling,1,07/07/2023
Piling,1,08/07/2023
Piling,1,10/07/2023
Piling,1,12/07/2023
Piling,1,13/07/2023
Piling,1,14/07/2023
Piling,1,15/07/2023
Piling,1,16/07/2023
Piling,1,17/07/2023
Piling,1,19/07/2023
Piling,1,20/07/2023
Piling,1,22/07/2023
Piling,1,23/07/2023
Piling,1,01/08/2023
Piling,1,04/08/2023
Piling,1,05/08/2023
Piling,1,06/08/2023
Piling,1,07/08/2023
Piling,1,09/08/2023
Piling,1,11/08/2023
Piling,1,14/08/2023
Piling,1,16/08/2023
Piling,1,17/08/2023
Piling,1,19/08/2023
Piling,1,20/08/2023
Piling,1,23/08/2023
Piling,1,25/08/2023
Piling,1,27/08/2023
Piling,1,28/08/2023
Piling,1,29/08/2023
Piling,1,04/09/2023
Piling,1,12/09/2023
Piling,1,13/09/2023
Piling,1,14/09/2023
Piling,1,15/09/2023
Piling,1,16/09/2023
Piling,1,17/09/2023
Piling,1,20/09/2023
Piling,1,23/09/2023
Piling,1,24/09/2023
Piling,1,27/09/2023
Piling,1,29/09/2023
Piling,1,02/10/2023
Piling,1,04/10/2023
Piling,1,08/10/2023
Piling,1,09/10/2023
Piling,1,10/10/2023
Piling,1,11/10/2023
Piling,1,19/10/2023
Piling,1,24/10/2023
Piling,1,29/10/2023
Piling,1,30/10/2023
Piling,1,01/11/2023
Piling,1,03/11/2023
Piling,1,04/11/2023
Piling,1,05/11/2023
Piling,1,06/11/2023
Piling,1,09/11/2023
Piling,1,15/11/2023
Piling,1,18/11/2023
Piling,1,23/11/2023
Piling,1,27/11/2023
Piling,1,30/11/2023
Piling,1,03/12/2023
Piling,1,05/12/2023
Piling,1,10/12/2023
Piling,1,11/12/2023
Piling,1,12/12/2023
Piling,1,16/12/2023
Piling,1,17/12/2023
Piling,1,21/12/2023
Piling,1,24/12/2023
Piling,1,25/12/2023
Piling,1,27/12/2023
Piling,1,04/01/2024
Piling,1,05/01/2024
Piling,1,07/01/2024
Piling,1,09/01/2024
Piling,1,10/01/2024
Piling,1,13/01/2024
Piling,1,14/01/2024
Piling,1,16/01/2024
Piling,1,19/01/2024
Piling,1,21/01/2024
Piling,1,23/01/2024
Piling,1,25/01/2024
Piling,1,26/01/2024
Piling,1,29/01/2024
Piling,1,31/01/2024
Piling,1,01/02/2024
Piling,1,03/02/2024
Piling,1,04/02/2024
Piling,1,11/02/2024
Piling,1,12/02/2024
Piling,1,13/02/2024
Piling,1,15/02/2024
Piling,1,17/02/2024
Piling,1,19/02/2024
Piling,1,22/02/2024
Piling,1,23/02/2024
Piling,1,24/02/2024
Piling,1,27/02/2024
Piling,1,28/02/2024
Piling,1,01/03/2024
Piling,1,02/03/2024
Piling,1,07/03/2024
Piling,1,12/03/2024
Piling,1,18/03/2024
Piling,1,21/03/2024
Piling,1,24/03/2024
Piling,1,26/03/2024
Piling,1,27/03/2024
Piling,1,30/03/2024
Piling,1,31/03/2024
Piling,1,02/04/2024
Piling,1,04/04/2024
Piling,1,08/04/2024
Piling,1,09/04/2024
Piling,1,15/04/2024
Piling,1,16/04/2024
Piling,1,19/04/2024
Piling,1,20/04/2024
Piling,1,25/04/2024
Piling,1,26/04/2024
Piling,1,27/04/2024
Piling,1,28/04/2024
Piling,1,30/04/2024
Piling,1,03/05/2024
Piling,1,04/05/2024
Piling,1,06/05/2024
Piling,1,08/05/2024
Piling,1,09/05/2024
Piling,1,10/05/2024
Piling,1,13/05/2024
Piling,1,16/05/2024
Piling,1,18/05/2024
Piling,1,20/05/2024
Piling,1,21/05/2024
Piling,1,24/05/2024
Piling,1,28/05/2024
Piling,1,30/05/2024
Piling,1,03/06/2024
Piling,1,06/06/2024
Piling,1,10/06/2024
Piling,1,13/06/2024
Piling,1,19/06/2024
Piling,1,23/06/2024
Piling,1,26/06/2024
Piling,1,04/07/2024
Piling,1,10/07/2024
Piling,1,11/07/2024
Piling,1,14/07/2024
Piling,1,15/07/2024
Piling,1,16/07/2024
Piling,1,18/07/2024
Piling,1,21/07/2024
Piling,1,23/07/2024
Piling,1,26/07/2024
Piling,1,29/07/2024
Piling,1,30/07/2024
Piling,1,01/08/2024
Piling,1,02/08/2024
Piling,1,08/08/2024
Piling,1,09/08/2024
Piling,1,13/08/2024
Piling,1,16/08/2024
Piling,1,17/08/2024
Piling,1,22/08/2024
Piling,1,24/08/2024
Piling,1,26/08/2024
Piling,1,02/09/2024
Piling,1,03/09/2024
Piling,1,09/09/2024
Piling,1,14/09/2024
Piling,1,15/09/2024
Piling,1,22/09/2024
Piling,1,23/09/2024
Piling,1,28/09/2024
Piling,1,30/09/2024
Piling,1,01/10/2024
Piling,1,02/10/2024
Piling,1,03/10/2024
Piling,1,04/10/2024
Piling,1,07/10/2024
Piling,1,15/10/2024
Piling,1,18/10/2024
Piling,1,21/10/2024
Piling,1,22/10/2024
Piling,1,23/10/2024
Piling,1,24/10/2024
Piling,1,27/10/2024
Piling,1,29/10/2024
Piling,1,30/10/2024
Piling,1,01/11/2024
Piling,1,02/11/2024
Piling,1,04/11/2024
Piling,1,07/11/2024
Piling,1,09/11/2024
Piling,1,10/11/2024
Piling,1,11/11/2024
Piling,1,12/11/2024
Piling,1,13/11/2024
Piling,1,14/11/2024
Piling,1,15/11/2024
Piling,1,17/11/2024
Piling,1,18/11/2024
Piling,1,20/11/2024
Piling,1,21/11/2024
Piling,1,22/11/2024
Piling,1,25/11/2024
Piling,1,29/11/2024
Piling,1,08/12/2024
Piling,1,10/12/2024
Piling,1,12/12/2024
Piling,1,16/12/2024
Piling,1,22/12/2024
Piling,1,24/12/2024
Piling,1,26/12/2024
Piling,1,27/12/2024
Piling,1,30/12/2024
Piling,1,31/12/2024
Piling,1,01/01/2025
Piling,1,02/01/2025
Piling,1,06/01/2025
Piling,1,11/01/2025
Piling,1,14/01/2025
Piling,1,15/01/2025
Piling,1,16/01/2025
Piling,1,23/01/2025
Piling,1,26/01/2025
Piling,1,28/01/2025
Piling,1,31/01/2025
Piling,1,01/02/2025
Piling,1,07/02/2025
Piling,1,08/02/2025
Piling,1,11/02/2025
Piling,1,13/02/2025
Piling,1,17/02/2025
Piling,1,18/02/2025
Piling,1,19/02/2025
Piling,1,21/02/2025
Piling,1,22/02/2025
Piling,1,24/02/2025
Piling,1,26/02/2025
Piling,1,01/03/2025
Piling,1,04/03/2025
Piling,1,08/03/2025
Piling,1,09/03/2025
Piling,1,12/03/2025
Piling,1,15/03/2025
Piling,1,16/03/2025
Piling,1,17/03/2025
Piling,1,19/03/2025
Piling,1,20/03/2025
Piling,1,23/03/2025
Piling,1,24/03/2025
Piling,1,25/03/2025
Piling,1,26/03/2025
Piling,1,31/03/2025
Piling,1,03/04/2025
Piling,1,06/04/2025
Piling,1,07/04/2025
Piling,1,10/04/2025
Piling,1,11/04/2025
Piling,1,12/04/2025
Piling,1,13/04/2025
Piling,1,16/04/2025
Piling,1,17/04/2025
Piling,1,19/04/2025
Piling,1,22/04/2025
Piling,1,23/04/2025
Piling,1,24/04/2025
Piling,1,28/04/2025
Piling,1,30/04/2025
