"Description","Duration (hrs)","Start"
"Piling",1,"01/05/2023"
"Piling",1,"02/05/2023"
"Piling",1,"03/05/2023"
"Piling",1,"05/05/2023"
"Piling",1,"06/05/2023"
"Piling",1,"07/05/2023"
"Piling",1,"08/05/2023"
"Piling",1,"09/05/2023"
"Piling",1,"10/05/2023"
"Piling",1,"11/05/2023"
"Piling",1,"13/05/2023"
"Piling",1,"14/05/2023"
"Piling",1,"15/05/2023"
"Piling",1,"16/05/2023"
"Piling",1,"18/05/2023"
"Piling",1,"19/05/2023"
"Piling",1,"20/05/2023"
"Piling",1,"21/05/2023"
"Piling",1,"22/05/2023"
"Piling",1,"26/05/2023"
"Piling",1,"28/05/2023"
"Piling",1,"31/05/2023"
"Piling",1,"01/06/2023"
"Piling",1,"02/06/2023"
"Piling",1,"03/06/2023"
"Piling",1,"05/06/2023"
"Piling",1,"06/06/2023"
"Piling",1,"09/06/2023"
"Piling",1,"11/06/2023"
"Piling",1,"12/06/2023"
"Piling",1,"13/06/2023"
"Piling",1,"14/06/2023"
"Piling",1,"16/06/2023"
"Piling",1,"19/06/2023"
"Piling",1,"20/06/2023"
"Piling",1,"21/06/2023"
"Piling",1,"23/06/2023"
"Piling",1,"25/06/2023"
"Piling",1,"27/06/2023"
"Piling",1,"30/06/2023"
"Piling",1,"01/07/2023"
"Piling",1,"02/07/2023"
"Piling",1,"03/07/2023"
"Piling",1,"05/07/2023"
"Piling",1,"07/07/2023"
"Piling",1,"08/07/2023"
"Piling",1,"09/07/2023"
"Piling",1,"10/07/2023"
"Piling",1,"12/07/2023"
"Piling",1,"14/07/2023"
"Piling",1,"15/07/2023"
"Piling",1,"16/07/2023"
"Piling",1,"17/07/2023"
"Piling",1,"18/07/2023"
"Piling",1,"19/07/2023"
"Piling",1,"21/07/2023"
"Piling",1,"23/07/2023"
"Piling",1,"24/07/2023"
"Piling",1,"27/07/2023"
"Piling",1,"29/07/2023"
"Piling",1,"31/07/2023"
"Piling",1,"01/08/2023"
"Piling",1,"05/08/2023"
"Piling",1,"06/08/2023"
"Piling",1,"07/08/2023"
"Piling",1,"08/08/2023"
"Piling",1,"10/08/2023"
"Piling",1,"11/08/2023"
"Piling",1,"16/08/2023"
"Piling",1,"19/08/2023"
"Piling",1,"21/08/2023"
"Piling",1,"22/08/2023"
"Piling",1,"23/08/2023"
"Piling",1,"24/08/2023"
"Piling",1,"25/08/2023"
"Piling",1,"26/08/2023"
"Piling",1,"27/08/2023"
"Piling",1,"28/08/2023"
"Piling",1,"31/08/2023"
"Piling",1,"03/09/2023"
"Piling",1,"06/09/2023"
"Piling",1,"08/09/2023"
"Piling",1,"09/09/2023"
"Piling",1,"10/09/2023"
"Piling",1,"11/09/2023"
"Piling",1,"13/09/2023"
"Piling",1,"14/09/2023"
"Piling",1,"15/09/2023"
"Piling",1,"16/09/2023"
"Piling",1,"17/09/2023"
"Piling",1,"18/09/2023"
"Piling",1,"20/09/2023"
"Piling",1,"21/09/2023"
"Piling",1,"22/09/2023"
"Piling",1,"23/09/2023"
"Piling",1,"25/09/2023"
"Piling",1,"26/09/2023"
"Piling",1,"27/09/2023"
"Piling",1,"28/09/2023"
"Piling",1,"29/09/2023"
"Piling",1,"01/10/2023"
"Piling",1,"02/10/2023"
"Piling",1,"10/10/2023"
"Piling",1,"17/10/2023"
"Piling",1,"18/10/2023"
"Piling",1,"24/10/2023"
"Piling",1,"26/10/2023"
"Piling",1,"07/11/2023"
"Piling",1,"09/11/2023"
"Piling",1,"20/11/2023"
"Piling",1,"29/11/2023"
"Piling",1,"30/11/2023"
"Piling",1,"02/12/2023"
"Piling",1,"04/12/2023"
"Piling",1,"05/12/2023"
"Piling",1,"06/12/2023"
"Piling",1,"11/12/2023"
"Piling",1,"12/12/2023"
"Piling",1,"20/12/2023"
"Piling",1,"27/12/2023"
"Piling",1,"29/12/2023"
"Piling",1,"06/01/2024"
"Piling",1,"08/01/2024"
"Piling",1,"09/01/2024"
"Piling",1,"10/01/2024"
"Piling",1,"16/01/2024"
"Piling",1,"29/01/2024"
"Piling",1,"02/02/2024"
"Piling",1,"05/02/2024"
"Piling",1,"08/02/2024"
"Piling",1,"17/02/2024"
"Piling",1,"21/02/2024"
"Piling",1,"23/02/2024"
"Piling",1,"27/02/2024"
"Piling",1,"28/02/2024"
"Piling",1,"02/03/2024"
"Piling",1,"09/03/2024"
"Piling",1,"16/03/2024"
"Piling",1,"30/03/2024"
"Piling",1,"31/03/2024"
"Piling",1,"04/04/2024"
"Piling",1,"05/04/2024"
"Piling",1,"07/04/2024"
"Piling",1,"08/04/2024"
"Piling",1,"11/04/2024"
"Piling",1,"14/04/2024"
"Piling",1,"17/04/2024"
"Piling",1,"19/04/2024"
"Piling",1,"22/04/2024"
"Piling",1,"26/04/2024"
"Piling",1,"02/05/2024"
"Piling",1,"04/05/2024"
"Piling",1,"05/05/2024"
"Piling",1,"06/05/2024"
"Piling",1,"07/05/2024"
"Piling",1,"08/05/2024"
"Piling",1,"09/05/2024"
"Piling",1,"10/05/2024"
"Piling",1,"11/05/2024"
"Piling",1,"12/05/2024"
"Piling",1,"13/05/2024"
"Piling",1,"14/05/2024"
"Piling",1,"16/05/2024"
"Piling",1,"19/05/2024"
"Piling",1,"20/05/2024"
"Piling",1,"21/05/2024"
"Piling",1,"22/05/2024"
"Piling",1,"23/05/2024"
"Piling",1,"24/05/2024"
"Piling",1,"26/05/2024"
"Piling",1,"27/05/2024"
"Piling",1,"28/05/2024"
"Piling",1,"29/05/2024"
"Piling",1,"01/06/2024"
"Piling",1,"02/06/2024"
"Piling",1,"03/06/2024"
"Piling",1,"05/06/2024"
"Piling",1,"06/06/2024"
"Piling",1,"08/06/2024"
"Piling",1,"09/06/2024"
"Piling",1,"10/06/2024"
"Piling",1,"11/06/2024"
"Piling",1,"12/06/2024"
"Piling",1,"13/06/2024"
"Piling",1,"17/06/2024"
"Piling",1,"18/06/2024"
"Piling",1,"20/06/2024"
"Piling",1,"21/06/2024"
"Piling",1,"25/06/2024"
"Piling",1,"29/06/2024"
"Piling",1,"30/06/2024"
"Piling",1,"01/07/2024"
"Piling",1,"03/07/2024"
"Piling",1,"05/07/2024"
"Piling",1,"06/07/2024"
"Piling",1,"07/07/2024"
"Piling",1,"08/07/2024"
"Piling",1,"09/07/2024"
"Piling",1,"10/07/2024"
"Piling",1,"11/07/2024"
"Piling",1,"12/07/2024"
"Piling",1,"13/07/2024"
"Piling",1,"14/07/2024"
"Piling",1,"15/07/2024"
"Piling",1,"16/07/2024"
"Piling",1,"18/07/2024"
"Piling",1,"20/07/2024"
"Piling",1,"21/07/2024"
"Piling",1,"23/07/2024"
"Piling",1,"24/07/2024"
"Piling",1,"26/07/2024"
"Piling",1,"27/07/2024"
"Piling",1,"28/07/2024"
"Piling",1,"29/07/2024"
"Piling",1,"31/07/2024"
"Piling",1,"04/08/2024"
"Piling",1,"05/08/2024"
"Piling",1,"06/08/2024"
"Piling",1,"07/08/2024"
"Piling",1,"09/08/2024"
"Piling",1,"11/08/2024"
"Piling",1,"12/08/2024"
"Piling",1,"16/08/2024"
"Piling",1,"17/08/2024"
"Piling",1,"18/08/2024"
"Piling",1,"19/08/2024"
"Piling",1,"21/08/2024"
"Piling",1,"22/08/2024"
"Piling",1,"23/08/2024"
"Piling",1,"24/08/2024"
"Piling",1,"27/08/2024"
"Piling",1,"28/08/2024"
"Piling",1,"29/08/2024"
"Piling",1,"02/09/2024"
"Piling",1,"03/09/2024"
"Piling",1,"06/09/2024"
"Piling",1,"07/09/2024"
"Piling",1,"10/09/2024"
"Piling",1,"12/09/2024"
"Piling",1,"13/09/2024"
"Piling",1,"14/09/2024"
"Piling",1,"15/09/2024"
"Piling",1,"17/09/2024"
"Piling",1,"18/09/2024"
"Piling",1,"20/09/2024"
"Piling",1,"22/09/2024"
"Piling",1,"27/09/2024"
"Piling",1,"28/09/2024"
"Piling",1,"29/09/2024"
"Piling",1,"30/09/2024"
"Piling",1,"02/10/2024"
"Piling",1,"03/10/2024"
"Piling",1,"06/10/2024"
"Piling",1,"09/10/2024"
"Piling",1,"10/10/2024"
"Piling",1,"15/10/2024"
"Piling",1,"16/10/2024"
"Piling",1,"22/10/2024"
"Piling",1,"26/10/2024"
"Piling",1,"27/10/2024"
"Piling",1,"28/10/2024"
"Piling",1,"01/11/2024"
"Piling",1,"04/11/2024"
"Piling",1,"11/11/2024"
"Piling",1,"13/11/2024"
"Piling",1,"15/11/2024"
"Piling",1,"16/11/2024"
"Piling",1,"22/11/2024"
"Piling",1,"24/11/2024"
"Piling",1,"29/11/2024"
"Piling",1,"05/12/2024"
"Piling",1,"09/12/2024"
"Piling",1,"14/12/2024"
"Piling",1,"17/12/2024"
"Piling",1,"27/12/2024"
"Piling",1,"31/12/2024"
"Piling",1,"06/01/2025"
"Piling",1,"12/01/2025"
"Piling",1,"16/01/2025"
"Piling",1,"24/01/2025"
"Piling",1,"27/01/2025"
"Piling",1,"09/02/2025"
"Piling",1,"19/02/2025"
"Piling",1,"27/02/2025"
"Piling",1,"07/03/2025"
"Piling",1,"10/03/2025"
"Piling",1,"15/03/2025"
"Piling",1,"22/03/2025"
"Piling",1,"23/03/2025"
"Piling",1,"24/03/2025"
"Piling",1,"25/03/2025"
"Piling",1,"27/03/2025"
"Piling",1,"04/04/2025"
"Piling",1,"09/04/2025"
"Piling",1,"14/04/2025"
"Piling",1,"18/04/2025"
"Piling",1,"23/04/2025"
"Piling",1,"24/04/2025"
"Piling",1,"26/04/2025"
"Piling",1,"27/04/2025"
